height,hash,block_time_utc,checked_at_utc,coinbase_txid,explorer,local_solve_log
966569,00000000000000000021bb358e667507707cafec440d095ff5fc44f6609c4f3f,2026-09-01T03:50:05Z,2026-09-05T22:27:03Z,054e2f9c6de0d692e1e5a23973bd06e242b27a7a1b27abbbece9c7bde2fff35d,https://www.blockchain.com/explorer/blocks/bch/966569,not_recovered
928165,00000000000000000127df6187f8a7c03cea75845a53744f34e6c7a80e9a318e,2025-12-06T08:33:03Z,2026-09-05T22:27:03Z,712c0ade31c21d986d9bcc5efb571c5cbdebbf63e6197137671f85b0546f90d6,https://www.blockchain.com/explorer/blocks/bch/928165,not_recovered
928098,00000000000000000120bbdf48b11cfbfa301c262f96b8e0c27a5d5d4268bd53,2025-12-05T21:48:01Z,2026-09-05T22:27:04Z,0ff18eedd0ae122e9ee85fdfa5c3e1e914d40ad50249611f9a6ff54190bc43e0,https://www.blockchain.com/explorer/blocks/bch/928098,not_recovered
916984,0000000000000000000ea84420ce9380daafad934abbe4e4ee320882e1b747b4,2025-09-20T10:02:02Z,2026-09-05T22:27:03Z,59db4fa5fbd681f1a396de61a88741f21658d449802016fb0a7bc441156a7c91,https://www.blockchain.com/explorer/blocks/bch/916984,not_recovered
916429,000000000000000000c35a548eae54fd4d65aa0145dd3974a19541e9d5767544,2025-09-16T16:46:10Z,2026-09-05T22:27:05Z,1b095cb9f27a2a3d6bbac75c9b6c98d803eadba585347dfb8227a952407de202,https://www.blockchain.com/explorer/blocks/bch/916429,not_recovered
916154,0000000000000000012c5d09a7b521fab2d1f2c233b7fd68037560e42d5c0a95,2025-09-14T20:24:45Z,2026-09-05T22:27:05Z,4b07b6a617b0f8868172545ecc8190c0241e298883d2968b01350a10d1c1574b,https://www.blockchain.com/explorer/blocks/bch/916154,not_recovered
915924,00000000000000000162e19fdff4c943b8a8441ef0b38d27d700371479ea4c4e,2025-09-13T05:51:49Z,2026-09-05T22:27:05Z,bcb39f1ab5d5b31778ab3b488aa8b78164d5ff0fa24f0cf3c14160d14a6cb267,https://www.blockchain.com/explorer/blocks/bch/915924,not_recovered
915824,00000000000000000171c9b611401d5aaf3307412b50bdb3fc9f26d19179248e,2025-09-12T14:05:13Z,2026-09-05T22:27:06Z,210b5b77bfb3452e2f6e6f4f27b1ddd7609bd9fc3e234a9394705a7da8c51c36,https://www.blockchain.com/explorer/blocks/bch/915824,not_recovered
915321,00000000000000000112f65aef8a83e16f0ec2efe5df53bcb1b79dd98e217682,2025-09-09T00:18:10Z,2026-09-05T22:27:06Z,ea2d346989bf4466d30b4c38fe17df5e8cb7aa43436debebc60bd3595005d87a,https://www.blockchain.com/explorer/blocks/bch/915321,not_recovered
914850,0000000000000000001084428aa1eec2e4d86cabcb24ee6073f22aad4285259f,2025-09-05T15:51:57Z,2026-09-05T22:27:06Z,518128e7dc952dd373d544a5eb2a74f4ce47d97304787f3b048f576782817ba4,https://www.blockchain.com/explorer/blocks/bch/914850,not_recovered
914754,0000000000000000014081a301bbcd7ae0cc5a06320adc38fa3c65e7303767db,2025-09-05T04:27:58Z,2026-09-05T22:27:06Z,889e58bed3191eab6c5bdc3f73e03145b7c10f143ccca454607b0523bbff7182,https://www.blockchain.com/explorer/blocks/bch/914754,not_recovered
914557,00000000000000000011773663ac09b122167e83ab2a4f888695021d9fe58469,2025-09-03T18:34:12Z,2026-09-05T22:27:06Z,76ad2ca3409bff606e3518194d4b9d04eda9ab47d34650fbd1f3ddb74af52667,https://www.blockchain.com/explorer/blocks/bch/914557,not_recovered
914527,000000000000000001565c0f9f93413d99efa03b427f112d39adc8bbcc9408b3,2025-09-03T12:31:03Z,2026-09-05T22:27:06Z,1c1c99a0d960fb972ab99df76d76c516a3ae4e4b69f4de0759746a86008bc5f8,https://www.blockchain.com/explorer/blocks/bch/914527,not_recovered
914486,000000000000000000c0692576a7c78982229e46a7a651ce0ceba5234934252c,2025-09-03T06:58:03Z,2026-09-05T22:27:07Z,946e54cd6f318cc17c170e3f81e3be0aa1c19fc2e2d5888c56e4a278764dab62,https://www.blockchain.com/explorer/blocks/bch/914486,not_recovered
914439,00000000000000000077cc196c782571f649b3f0fa0e937f10647ec1304e96c4,2025-09-03T00:21:32Z,2026-09-05T22:27:07Z,79fbde1128b5d76015f7f3ab8690f2a57d6aa9cce737d42772ffd3abd3da7e83,https://www.blockchain.com/explorer/blocks/bch/914439,not_recovered
914407,0000000000000000007b90524229e8e6b6b2c430c252839f72b260f78283fc1a,2025-09-02T18:31:08Z,2026-09-05T22:27:07Z,e412f1c04e6ed6806572eb5529e5b3cd3fe2646d8c015fae9df0565f80cc92d6,https://www.blockchain.com/explorer/blocks/bch/914407,not_recovered
914239,0000000000000000011bf51522bd15df753cc6aaaac8a72c141b5f2ed4a70bbc,2025-09-01T18:20:42Z,2026-09-05T22:27:07Z,f76ee5a0e4a82f1f96112104b22fbe9fd7eae5c5c1cba3696a334194cb6d6b9a,https://www.blockchain.com/explorer/blocks/bch/914239,not_recovered
914226,00000000000000000144f64dff3f214290b5d5d0c440b698190269a7b09f994f,2025-09-01T15:30:33Z,2026-09-05T22:27:07Z,88cad67b2c93b569e2cf6724934b03cafa2aa285554584596d45fa43bc11f6c7,https://www.blockchain.com/explorer/blocks/bch/914226,not_recovered
914122,00000000000000000057e895aad627e038047e0f0f6f51402f9dc6efc3b1a97a,2025-08-31T22:13:50Z,2026-09-05T22:27:07Z,c9a4092c4926d535524017966f5081d7d3375784210bb9bbdd0c037a26c7b7f3,https://www.blockchain.com/explorer/blocks/bch/914122,not_recovered
914076,000000000000000000d95b3b5fab6774173ae13a6a0b4a237e3482d3383bd1bd,2025-08-31T13:48:39Z,2026-09-05T22:27:07Z,a5d6265898ebde68ef91866f6a57462e982a7368e4cedf2cff4d1318b2b3322d,https://www.blockchain.com/explorer/blocks/bch/914076,not_recovered
913971,0000000000000000017cb3f98f4d45c8d1b5c3b57d75666528b5c227bb1bd414,2025-08-30T21:06:26Z,2026-09-05T22:27:08Z,8cfa7608514c2049532563c8f5fbe5269650c13398d710e3a1b6b2738d466ba1,https://www.blockchain.com/explorer/blocks/bch/913971,not_recovered
913959,000000000000000000d9fa3d96ee9fa5c53d8bd9fc597c2d8a2e82b4d7b53751,2025-08-30T18:52:28Z,2026-09-05T22:27:08Z,20e83cd98169061a9b7229cc080839da5da0c6a9004d19bc033b684fde9943be,https://www.blockchain.com/explorer/blocks/bch/913959,not_recovered
913820,00000000000000000068691eff022216b583e44e5adf4120ef54accf5652e2d2,2025-08-29T21:30:32Z,2026-09-05T22:27:08Z,fc1cc883731d3a0182b099f5712c168ce15a6670f897f878c1c9e622e9492138,https://www.blockchain.com/explorer/blocks/bch/913820,not_recovered
913680,0000000000000000002c99b2c1db2aa7483e34d7177d387a5be51a4693bb6e6a,2025-08-28T21:41:37Z,2026-09-05T22:27:08Z,b3644e4eeaab10dad29937b21ed5b3205030a52cf7fd55cfc3e4c424e3b7fafc,https://www.blockchain.com/explorer/blocks/bch/913680,not_recovered
913451,0000000000000000006aab990316f52e32322239d861cfb03f0e4a6db596b0c5,2025-08-27T06:54:42Z,2026-09-05T22:27:08Z,822f72641d111f989138f71a815c82559720a83ff41f6eeaee72b8e7f1a5ff6c,https://www.blockchain.com/explorer/blocks/bch/913451,not_recovered
913423,00000000000000000027080f6522f70c542bf3af11089990eb5c369a8fe373b6,2025-08-27T03:28:18Z,2026-09-05T22:27:09Z,01359833fc41d5b64cd2da33cf772e7b695776cc995957d8f3cba65d271695d8,https://www.blockchain.com/explorer/blocks/bch/913423,not_recovered
913256,000000000000000000ee52a2f34476ddac5e851c05fa98ef988589de6e4e1436,2025-08-25T21:10:12Z,2026-09-05T22:27:09Z,429757c14baf08bc52701620b94f1e49854bd2ce1b6660e96ef2d581df52278e,https://www.blockchain.com/explorer/blocks/bch/913256,not_recovered
912928,000000000000000000091decab1789e1aef42bbbf381de868cef1ffefe9ace37,2025-08-23T14:20:52Z,2026-09-05T22:27:10Z,615b904ec6a3edf9bb89e43d1fbd49b15f42855c47e96ad97a3649ea1a64ef2e,https://www.blockchain.com/explorer/blocks/bch/912928,not_recovered
912893,000000000000000001b2727f4e2e71be2ab7f5aad4a54ceebaff8c89294acc9b,2025-08-23T09:19:27Z,2026-09-05T22:27:09Z,f3136d62b9e10d6df1e86564506f046cee70aed5ca80ea9caa9e77e6629015eb,https://www.blockchain.com/explorer/blocks/bch/912893,not_recovered
912853,0000000000000000001d4db0fc7130ffcee57fc2a66bd9c95614eedf90475fc5,2025-08-23T02:03:17Z,2026-09-05T22:27:09Z,a18369ca8bcfccffcdc3f830f27b1b285463584897d53b3b69232ae41709de4c,https://www.blockchain.com/explorer/blocks/bch/912853,not_recovered
912775,000000000000000000cda7e7cba585d5f2071695685efc109cbb8e0a2d3327d3,2025-08-22T15:24:50Z,2026-09-05T22:27:10Z,ca15a606e0a3a38c822718c21fa7d69e3c11a131a0419b971725ecd692331222,https://www.blockchain.com/explorer/blocks/bch/912775,not_recovered
912602,000000000000000000c087c9ded6fca9697606d8a2d3029ba4021188df34ebf0,2025-08-21T10:36:39Z,2026-09-05T22:27:10Z,16ab79c41234cda5cffbbb09228b46076428dab14c02bf79107d4f949ce8febc,https://www.blockchain.com/explorer/blocks/bch/912602,not_recovered
912567,0000000000000000006f55a6173bbb7196d7507f807c6c3b72e1a287acf7cc1c,2025-08-21T04:56:04Z,2026-09-05T22:27:10Z,a938e4c7b050da1768156595b7bd83a95d610b0b2c4af4a6f1d2c677cd706d18,https://www.blockchain.com/explorer/blocks/bch/912567,not_recovered
912378,00000000000000000148803d98f8dee998543f9a3ff64569f6f02b469549993b,2025-08-19T21:25:47Z,2026-09-05T22:27:10Z,7246e0c2643bd0957b5f7bed65de3d6d23a629f081ca1445af663205aa0913e0,https://www.blockchain.com/explorer/blocks/bch/912378,not_recovered
912116,000000000000000000521264e77a6b4d1aa15db0d884598749816991a5d270ef,2025-08-18T01:23:17Z,2026-09-05T22:27:10Z,a8f3ad3576380d63ac949cee133c9d86775a7ca0bdd1b68e2ec24d68b35daf64,https://www.blockchain.com/explorer/blocks/bch/912116,recovered
912035,000000000000000001c35b08e2efc1e26f43633d7ffa898a63762a4e00138d68,2025-08-17T11:38:53Z,2026-09-05T22:27:11Z,6d904739137d2665b0dc1a9a7dc911a2a7f37650cb1214ed4333bd108f46d6d4,https://www.blockchain.com/explorer/blocks/bch/912035,recovered
912009,000000000000000001af87d50e364b4020890abfd3d6b8f79c0e999c538a31ee,2025-08-17T07:22:41Z,2026-09-05T22:27:11Z,d82a3e44cc5c1b074453a05e39eaa4d80cf29ee37253c06128562700f2f442c9,https://www.blockchain.com/explorer/blocks/bch/912009,recovered
911920,0000000000000000019624f7df17191f79f54735501e49242ea47843251a604d,2025-08-16T15:29:57Z,2026-09-05T22:27:11Z,718af821f126a9f9c362e9a737097d2f2b677a681ddbc65ccf81560311f057c7,https://www.blockchain.com/explorer/blocks/bch/911920,recovered
911903,00000000000000000035e6b501ac12f99faa2751ca4a1ab8d1b85ebe94d04290,2025-08-16T13:18:47Z,2026-09-05T22:27:11Z,52b8b52973d71a8733a892cf78f7f93f5384fd73fd444f9984354c70ae9d9b99,https://www.blockchain.com/explorer/blocks/bch/911903,recovered
911683,000000000000000000b53b9fa9c02eed1b654a39975ad232523d5927d8e2ef8e,2025-08-14T23:39:09Z,2026-09-05T22:27:11Z,5f89911eca5da13d74e4ad9ce2df20437b13f09542a35a86711e9b51fb413444,https://www.blockchain.com/explorer/blocks/bch/911683,recovered
911569,00000000000000000152a81dc5a988c415f5ce5d011e456e0bc382f2a20fe598,2025-08-14T03:52:09Z,2026-09-05T22:27:12Z,a9343c123f71f51a252c6f4b10eff5a810c875557d4ef2e6b49ae1919c8c5c72,https://www.blockchain.com/explorer/blocks/bch/911569,recovered
911549,0000000000000000018a676c535b33991a3d97859a46604761c180aa36ab94b9,2025-08-14T01:54:14Z,2026-09-05T22:27:12Z,4e61465cffcf10eff0e104217d87c57032b965d032ae415f8fc1597798f33eee,https://www.blockchain.com/explorer/blocks/bch/911549,recovered
911502,000000000000000000015d6f2d370ba411e194502c5735d5480dd864c6cbbaba,2025-08-13T17:50:32Z,2026-09-05T22:27:12Z,2d3f7f4bfe0e90c868de7ee829706f33d65add8267352dd0d939a627fda0b952,https://www.blockchain.com/explorer/blocks/bch/911502,recovered
911458,000000000000000001192a6508ed48a0bd0e167c0c0c5fe6e74f2d3532807844,2025-08-13T09:28:10Z,2026-09-05T22:27:12Z,dc813aaaf4436ee75702995a9c365ba86e4689f3d98fd0a7de866fe41d1fa94e,https://www.blockchain.com/explorer/blocks/bch/911458,recovered
911379,000000000000000000edb3c0441217524ecda9313ab772dc99083c303b7f0124,2025-08-12T19:25:34Z,2026-09-05T22:27:12Z,a681cf8941f4643f49a47f4df48d2cd3d27d3e993222616208c0c6e6056a9792,https://www.blockchain.com/explorer/blocks/bch/911379,recovered
911319,000000000000000001560826f934285b47bb82b24f991f24f153121ee2f7bd29,2025-08-12T12:04:33Z,2026-09-05T22:27:13Z,c64bd40b8e2b6ae4096540e566f4d8cb1223a7c6a3c701109fd5de4f69b2e4d5,https://www.blockchain.com/explorer/blocks/bch/911319,recovered
911228,000000000000000000f732aae1db09e27b0388bbc2f983c0d3ccd19e45a17dd1,2025-08-11T21:37:48Z,2026-09-05T22:27:13Z,21edd82fe427528baf7c6432722fa9a020fdec39b46b8beeaaec6c48e57ceb1a,https://www.blockchain.com/explorer/blocks/bch/911228,recovered
911053,000000000000000001ac65aab91486feb9170be8b3fdc46c18dce0c0256ca7b3,2025-08-10T17:45:42Z,2026-09-05T22:27:13Z,93671ce9ebfe416169e3839da8402827c19b575c25c6c3a5beeba12ac7543ad3,https://www.blockchain.com/explorer/blocks/bch/911053,recovered
910620,000000000000000000805a2a110d4adbfa030b0195f747ae5f88adfa8e880465,2025-08-07T16:16:38Z,2026-09-05T22:27:13Z,fc47052225cd1553632f11bab335ee7ba6495d994214ad3077c1ff5089bfbb81,https://www.blockchain.com/explorer/blocks/bch/910620,recovered
910527,000000000000000000969a4fd56c3dc9a56921fd0c6e43b9ad8134067af25b63,2025-08-07T01:02:24Z,2026-09-05T22:27:13Z,926f0247543b7f77b9e8214520647bfc1ea881831d760ea950d598e4176367a7,https://www.blockchain.com/explorer/blocks/bch/910527,recovered
910381,000000000000000001311c3e8930e00a2572a506a9681cc22f6645fcf7eba985,2025-08-06T01:36:21Z,2026-09-05T22:27:13Z,9da8e91a1267c8e07c252862cb661d5eda8c101a54151aeb1f7671c77ae4a266,https://www.blockchain.com/explorer/blocks/bch/910381,recovered
910380,000000000000000000b77821b9055980626c0ee8e804a24ca50aa5b54354796d,2025-08-06T01:35:21Z,2026-09-05T22:27:14Z,65f87720ad6f8ff47ff90be4f1b03093ba94c2d0598971e16f021cec3acdf5ed,https://www.blockchain.com/explorer/blocks/bch/910380,recovered
910200,00000000000000000003247ad03ce362e9b242d889ca00337b83a690bc4858e0,2025-08-04T18:36:27Z,2026-09-05T22:27:14Z,00eec241a2f2740da0d912a2f05f52e373ce5769a2c7c65a0f320e970dc995c5,https://www.blockchain.com/explorer/blocks/bch/910200,recovered
910003,000000000000000000cfd8499a3040682cabee55cc1460930137e705a28974ef,2025-08-03T12:54:27Z,2026-09-05T22:27:14Z,6ee8330acfa81bafb28347c9286371eb3e423b7f979c71842f8d80c40921c17d,https://www.blockchain.com/explorer/blocks/bch/910003,recovered
909933,000000000000000000b11819be0140ab69f98cad64a84bdbf3f60049674cfe70,2025-08-03T00:47:04Z,2026-09-05T22:27:14Z,5d80c1a3d395872a137ea0f46f4398b75f687d7cc42641c05adeb561dece48b4,https://www.blockchain.com/explorer/blocks/bch/909933,recovered
909930,00000000000000000005e032e77bc84305fbb2e6602004c465b42cb8b1f56459,2025-08-02T23:54:20Z,2026-09-05T22:27:14Z,361fadeeeac9320a191f8f8a0110b8149581ca5aaea7116781366d1ae6bff8ff,https://www.blockchain.com/explorer/blocks/bch/909930,recovered
909890,0000000000000000000db13f155adfcb21da5649e2aa878dff43c7d1e85662a4,2025-08-02T18:12:32Z,2026-09-05T22:27:14Z,a3a7583bb4a72747ccfafe44e7e46ccbdc0df437ec1db30cec0297e58717a1bf,https://www.blockchain.com/explorer/blocks/bch/909890,recovered
909866,00000000000000000070b3ea5542a916a91a04c27c4a47d5cf471ac2266b3ef3,2025-08-02T12:59:17Z,2026-09-05T22:27:14Z,081717cf5adc5e36d291e0ddd7f0fd286a0a1c17e759248c3e83536e62ac5dba,https://www.blockchain.com/explorer/blocks/bch/909866,recovered
909802,000000000000000001274baa7d6984e984b690888aff003e275b0e73f8409eba,2025-08-02T02:57:20Z,2026-09-05T22:27:15Z,ff0ae805a377a70f87a3df8f0d25c7515ad3f47898c341ee09d2c54d1dcf5c77,https://www.blockchain.com/explorer/blocks/bch/909802,recovered
909720,0000000000000000008d911006bbbfd3d30085e2fd3668c1047ae9e43f20d5ef,2025-08-01T12:04:27Z,2026-09-05T22:27:15Z,5f4651f2f93855d3ab0f33ea1c30cfed78b41e7f7b6a7165c2e006d939147fa7,https://www.blockchain.com/explorer/blocks/bch/909720,recovered
909701,000000000000000000b1bbca763941a4e9833fd99780825c1d7e348fa714cc51,2025-08-01T08:55:07Z,2026-09-05T22:27:15Z,a50666072888e4adaab968a47b872c9c6e0e7d272e83ae84e88336b3847c15dd,https://www.blockchain.com/explorer/blocks/bch/909701,recovered
909669,0000000000000000011907c65e326eee2492950aa7a0622a204a92e10bd7719d,2025-08-01T04:11:42Z,2026-09-05T22:27:15Z,1a5ea0acfcee5af4299bd3096509d72c750b3a57a660da2a1a1b54f01f8bc32d,https://www.blockchain.com/explorer/blocks/bch/909669,recovered
909494,00000000000000000163482eb6a8c704ca246446c36b5398c7cf3449dc2eaf22,2025-07-30T22:30:45Z,2026-09-05T22:27:15Z,1537374ea7c96a89898e3abc319de65421979f45dc118786e5aaff26b841a833,https://www.blockchain.com/explorer/blocks/bch/909494,recovered
909310,0000000000000000011fba0fecf3d062d962d15dd2b9f271460dcba010f7c70f,2025-07-29T16:39:56Z,2026-09-05T22:27:16Z,3a9c279dc3af0a49b815114218d4a4189e11114f1dee13f192c284d8329073b9,https://www.blockchain.com/explorer/blocks/bch/909310,recovered
908385,00000000000000000081a199777c7ca6f6079fcc81e6b89cb9af4c3e03cfd9b5,2025-07-23T13:05:56Z,2026-09-05T22:27:16Z,bae52616196f32f9c76f8d19bf647885f28207f6f2d6a443310935ab23f1257b,https://www.blockchain.com/explorer/blocks/bch/908385,recovered
908222,00000000000000000154e8bc5d8916bb32738fe11d9979dd4fe63e717e209352,2025-07-22T10:16:53Z,2026-09-05T22:27:16Z,bf103606c7c98cec27fa813ddffc616c9f73ec105ca0b6098b45e6686bc74f31,https://www.blockchain.com/explorer/blocks/bch/908222,recovered
907506,000000000000000001fcc0c0f89f3fb3e8965a1808bbec3b89bc0057dea8985d,2025-07-17T13:57:40Z,2026-09-05T22:27:16Z,164ffb32a9586ebf906dc2d49c7f1489f94ce043764580c7e12a6b60911274a5,https://www.blockchain.com/explorer/blocks/bch/907506,recovered
907353,0000000000000000019de67f391cd31aa07ff2caea5513237f5e7a6a1910092d,2025-07-16T12:09:54Z,2026-09-05T22:27:16Z,04157b988f418a4c0f6d605f3b735872cf38406b9f76f6c9927c65f11f7760c5,https://www.blockchain.com/explorer/blocks/bch/907353,recovered
907231,0000000000000000018c2b06ef515e2b1b01379764f77889f588cbcc5c5fe849,2025-07-15T16:42:49Z,2026-09-05T22:27:16Z,e7d1abed15c529fd7f61e631301f306cc288001a3ffb14e3fc4e0197cd09b2e3,https://www.blockchain.com/explorer/blocks/bch/907231,recovered
