height,block_time_utc,gross_reward_bch,subsidy_bch,transaction_fees_bch,bch_usd,gross_value_usd,bitstamp_bch_usd,bitstamp_comparison_value_usd,source_difference_percent,price_candle_end_utc,price_age_seconds,checked_at_utc
966569,2026-09-01T03:50:05Z,3.12542747,3.12500000,0.00042747,247.68,774.11,247.60,773.86,0.0323,2026-09-01T03:50:00Z,5,2026-09-05T22:36:31Z
928165,2025-12-06T08:33:03Z,3.12570713,3.12500000,0.00070713,573.61,1792.94,573.75,1793.37,0.0244,2025-12-06T08:32:00Z,63,2026-09-05T22:36:30Z
928098,2025-12-05T21:48:01Z,3.12636404,3.12500000,0.00136404,561.7,1756.08,561.93,1756.80,0.0409,2025-12-05T21:48:00Z,1,2026-09-05T22:36:30Z
916984,2025-09-20T10:02:02Z,3.12630717,3.12500000,0.00130717,601.58,1880.72,601.43,1880.25,0.0249,2025-09-20T10:02:00Z,2,2026-09-05T22:36:31Z
916429,2025-09-16T16:46:10Z,3.12644433,3.12500000,0.00144433,597.45,1867.89,597.35,1867.58,0.0167,2025-09-16T16:46:00Z,10,2026-09-05T22:36:31Z
916154,2025-09-14T20:24:45Z,3.12613920,3.12500000,0.00113920,594.67,1859.02,595.69,1862.21,0.1715,2025-09-14T20:24:00Z,45,2026-09-05T22:36:33Z
915924,2025-09-13T05:51:49Z,3.12621588,3.12500000,0.00121588,601.54,1880.54,601.89,1881.64,0.0582,2025-09-13T05:51:00Z,49,2026-09-05T22:36:33Z
915824,2025-09-12T14:05:13Z,3.12603710,3.12500000,0.00103710,590.55,1846.08,590.50,1845.92,0.0085,2025-09-12T14:04:00Z,73,2026-09-05T22:36:33Z
915321,2025-09-09T00:18:10Z,3.12628694,3.12500000,0.00128694,588.05,1838.41,588.07,1838.48,0.0034,2025-09-09T00:18:00Z,10,2026-09-05T22:36:34Z
914850,2025-09-05T15:51:57Z,3.12508224,3.12500000,0.00008224,611.28,1910.30,611.75,1911.77,0.0769,2025-09-05T15:51:00Z,57,2026-09-05T22:36:34Z
914754,2025-09-05T04:27:58Z,3.12661462,3.12500000,0.00161462,594.14,1857.65,593.50,1855.65,0.1077,2025-09-05T04:27:00Z,58,2026-09-05T22:36:34Z
914557,2025-09-03T18:34:12Z,3.12508827,3.12500000,0.00008827,597.77,1868.08,597.32,1866.68,0.0753,2025-09-03T18:34:00Z,12,2026-09-05T22:36:35Z
914527,2025-09-03T12:31:03Z,3.12934630,3.12500000,0.00434630,603.15,1887.47,603.31,1887.97,0.0265,2025-09-03T12:31:00Z,3,2026-09-05T22:36:36Z
914486,2025-09-03T06:58:03Z,3.12538262,3.12500000,0.00038262,594.96,1859.48,595.18,1860.17,0.0370,2025-09-03T06:58:00Z,3,2026-09-05T22:36:36Z
914439,2025-09-03T00:21:32Z,3.13660412,3.12500000,0.01160412,583.66,1830.71,583.69,1830.80,0.0051,2025-09-03T00:21:00Z,32,2026-09-05T22:36:36Z
914407,2025-09-02T18:31:08Z,3.12650795,3.12500000,0.00150795,582.96,1822.63,584.01,1825.91,0.1801,2025-09-02T18:31:00Z,8,2026-09-05T22:36:37Z
914239,2025-09-01T18:20:42Z,3.12502275,3.12500000,0.00002275,545.49,1704.67,546.28,1707.14,0.1448,2025-09-01T18:20:00Z,42,2026-09-05T22:36:37Z
914226,2025-09-01T15:30:33Z,3.12770209,3.12500000,0.00270209,545.03,1704.69,544.79,1703.94,0.0440,2025-09-01T15:29:00Z,93,2026-09-05T22:36:38Z
914122,2025-08-31T22:13:50Z,3.12823819,3.12500000,0.00323819,546.77,1710.43,545.94,1707.83,0.1518,2025-08-31T22:12:00Z,110,2026-09-05T22:36:38Z
914076,2025-08-31T13:48:39Z,3.12511446,3.12500000,0.00011446,546.79,1708.78,546.73,1708.59,0.0110,2025-08-31T13:47:00Z,99,2026-09-05T22:36:38Z
913971,2025-08-30T21:06:26Z,3.12886727,3.12500000,0.00386727,545.79,1707.70,545.88,1707.99,0.0165,2025-08-30T21:06:00Z,26,2026-09-05T22:36:39Z
913959,2025-08-30T18:52:28Z,3.12535111,3.12500000,0.00035111,543.39,1698.28,543.53,1698.72,0.0258,2025-08-30T18:52:00Z,28,2026-09-05T22:36:39Z
913820,2025-08-29T21:30:32Z,3.12591546,3.12500000,0.00091546,532.44,1664.36,529.96,1656.61,0.4658,2025-08-29T21:30:00Z,32,2026-09-05T22:36:39Z
913680,2025-08-28T21:41:37Z,3.12629823,3.12500000,0.00129823,552.56,1727.47,552.93,1728.62,0.0670,2025-08-28T21:41:00Z,37,2026-09-05T22:36:40Z
913451,2025-08-27T06:54:42Z,3.12507532,3.12500000,0.00007532,556.5,1739.10,557.63,1742.64,0.2031,2025-08-27T06:54:00Z,42,2026-09-05T22:36:40Z
913423,2025-08-27T03:28:18Z,3.12612515,3.12500000,0.00112515,547.3,1710.93,547.03,1710.08,0.0493,2025-08-27T03:28:00Z,18,2026-09-05T22:36:40Z
913256,2025-08-25T21:10:12Z,3.12562966,3.12500000,0.00062966,540.23,1688.56,539.51,1686.31,0.1333,2025-08-25T21:10:00Z,12,2026-09-05T22:36:41Z
912928,2025-08-23T14:20:52Z,3.12593850,3.12500000,0.00093850,591.19,1848.02,592.20,1851.18,0.1708,2025-08-23T14:20:00Z,52,2026-09-05T22:36:41Z
912893,2025-08-23T09:19:27Z,3.12594102,3.12500000,0.00094102,589.45,1842.59,589.55,1842.90,0.0170,2025-08-23T09:17:00Z,147,2026-09-05T22:36:42Z
912853,2025-08-23T02:03:17Z,3.12819029,3.12500000,0.00319029,593.95,1857.99,593.75,1857.36,0.0337,2025-08-23T02:03:00Z,17,2026-09-05T22:36:43Z
912775,2025-08-22T15:24:50Z,3.12507329,3.12500000,0.00007329,598.33,1869.83,598.09,1869.08,0.0401,2025-08-22T15:24:00Z,50,2026-09-05T22:36:43Z
912602,2025-08-21T10:36:39Z,3.12708359,3.12500000,0.00208359,556.96,1741.66,557.20,1742.41,0.0431,2025-08-21T10:36:00Z,39,2026-09-05T22:36:43Z
912567,2025-08-21T04:56:04Z,3.12595043,3.12500000,0.00095043,561.29,1754.56,561.65,1755.69,0.0641,2025-08-21T04:56:00Z,4,2026-09-05T22:36:44Z
912378,2025-08-19T21:25:47Z,3.12527071,3.12500000,0.00027071,555.19,1735.12,555.42,1735.84,0.0414,2025-08-19T21:24:00Z,107,2026-09-05T22:36:44Z
912116,2025-08-18T01:23:17Z,3.12665382,3.12500000,0.00165382,581.03,1816.68,581.10,1816.90,0.0120,2025-08-18T01:23:00Z,17,2026-09-05T22:36:44Z
912035,2025-08-17T11:38:53Z,3.12758278,3.12500000,0.00258278,591.38,1849.59,590.87,1847.99,0.0862,2025-08-17T11:38:00Z,53,2026-09-05T22:36:44Z
912009,2025-08-17T07:22:41Z,3.12691253,3.12500000,0.00191253,588.41,1839.91,589.02,1841.81,0.1037,2025-08-17T07:22:00Z,41,2026-09-05T22:36:45Z
911920,2025-08-16T15:29:57Z,3.12609699,3.12500000,0.00109699,585.75,1831.11,585.76,1831.14,0.0017,2025-08-16T15:29:00Z,57,2026-09-05T22:36:45Z
911903,2025-08-16T13:18:47Z,3.12542799,3.12500000,0.00042799,588.28,1838.63,588.77,1840.16,0.0833,2025-08-16T13:18:00Z,47,2026-09-05T22:36:45Z
911683,2025-08-14T23:39:09Z,3.12604270,3.12500000,0.00104270,595.07,1860.21,594.47,1858.34,0.1008,2025-08-14T23:39:00Z,9,2026-09-05T22:36:46Z
911569,2025-08-14T03:52:09Z,3.12686461,3.12500000,0.00186461,623.25,1948.82,623.70,1950.23,0.0722,2025-08-14T03:52:00Z,9,2026-09-05T22:36:47Z
911549,2025-08-14T01:54:14Z,3.13555915,3.12500000,0.01055915,623.76,1955.84,623.51,1955.05,0.0401,2025-08-14T01:54:00Z,14,2026-09-05T22:36:46Z
911502,2025-08-13T17:50:32Z,3.16220546,3.12500000,0.03720546,612.75,1937.64,612.60,1937.17,0.0245,2025-08-13T17:50:00Z,32,2026-09-05T22:36:47Z
911458,2025-08-13T09:28:10Z,3.12576798,3.12500000,0.00076798,607.62,1899.28,607.60,1899.22,0.0033,2025-08-13T09:28:00Z,10,2026-09-05T22:36:48Z
911379,2025-08-12T19:25:34Z,3.12522579,3.12500000,0.00022579,618.74,1933.70,618.69,1933.55,0.0081,2025-08-12T19:25:00Z,34,2026-09-05T22:36:48Z
911319,2025-08-12T12:04:33Z,3.12636851,3.12500000,0.00136851,592.07,1851.03,592.31,1851.78,0.0405,2025-08-12T12:04:00Z,33,2026-09-05T22:36:48Z
911228,2025-08-11T21:37:48Z,3.12518867,3.12500000,0.00018867,577.98,1806.30,577.50,1804.80,0.0830,2025-08-11T21:37:00Z,48,2026-09-05T22:36:49Z
911053,2025-08-10T17:45:42Z,3.12537820,3.12500000,0.00037820,572.24,1788.47,572.14,1788.15,0.0175,2025-08-10T17:45:00Z,42,2026-09-05T22:36:49Z
910620,2025-08-07T16:16:38Z,3.12621511,3.12500000,0.00121511,576.04,1800.82,577.60,1805.70,0.2708,2025-08-07T16:16:00Z,38,2026-09-05T22:36:49Z
910527,2025-08-07T01:02:24Z,3.12912408,3.12500000,0.00412408,570.57,1785.38,570.65,1785.63,0.0140,2025-08-07T01:02:00Z,24,2026-09-05T22:36:52Z
910381,2025-08-06T01:36:21Z,3.12536822,3.12500000,0.00036822,550.15,1719.42,550.30,1719.89,0.0273,2025-08-06T01:36:00Z,21,2026-09-05T22:36:51Z
910380,2025-08-06T01:35:21Z,3.12658577,3.12500000,0.00158577,549.75,1718.84,550.30,1720.56,0.1000,2025-08-06T01:35:00Z,21,2026-09-05T22:36:51Z
910200,2025-08-04T18:36:27Z,3.12513980,3.12500000,0.00013980,566.45,1770.24,566.35,1769.92,0.0177,2025-08-04T18:36:00Z,27,2026-09-05T22:36:52Z
910003,2025-08-03T12:54:27Z,3.12624401,3.12500000,0.00124401,541.62,1693.24,541.30,1692.24,0.0591,2025-08-03T12:54:00Z,27,2026-09-05T22:36:54Z
909933,2025-08-03T00:47:04Z,3.12616799,3.12500000,0.00116799,521.34,1629.80,522.08,1632.11,0.1419,2025-08-03T00:47:00Z,4,2026-09-05T22:36:53Z
909930,2025-08-02T23:54:20Z,3.12572107,3.12500000,0.00072107,519.9,1625.06,520.58,1627.19,0.1308,2025-08-02T23:54:00Z,20,2026-09-05T22:36:54Z
909890,2025-08-02T18:12:32Z,3.12798370,3.12500000,0.00298370,526.86,1648.01,527.08,1648.70,0.0418,2025-08-02T18:12:00Z,32,2026-09-05T22:36:54Z
909866,2025-08-02T12:59:17Z,3.12558933,3.12500000,0.00058933,536.83,1677.91,536.81,1677.85,0.0037,2025-08-02T12:59:00Z,17,2026-09-05T22:36:54Z
909802,2025-08-02T02:57:20Z,3.13888283,3.12500000,0.01388283,540.9,1697.82,540.60,1696.88,0.0555,2025-08-02T02:57:00Z,20,2026-09-05T22:36:55Z
909720,2025-08-01T12:04:27Z,3.12543440,3.12500000,0.00043440,558.81,1746.52,558.86,1746.68,0.0089,2025-08-01T12:04:00Z,27,2026-09-05T22:36:55Z
909701,2025-08-01T08:55:07Z,3.12640144,3.12500000,0.00140144,555.72,1737.40,556.51,1739.87,0.1422,2025-08-01T08:55:00Z,7,2026-09-05T22:36:55Z
909669,2025-08-01T04:11:42Z,3.12635187,3.12500000,0.00135187,568.37,1776.92,568.29,1776.67,0.0141,2025-08-01T04:11:00Z,42,2026-09-05T22:36:56Z
909494,2025-07-30T22:30:45Z,3.12615255,3.12500000,0.00115255,567.21,1773.18,569.26,1779.59,0.3614,2025-07-30T22:30:00Z,45,2026-09-05T22:36:56Z
909310,2025-07-29T16:39:56Z,3.12671192,3.12500000,0.00171192,563.58,1762.15,565.16,1767.09,0.2804,2025-07-29T16:39:00Z,56,2026-09-05T22:36:56Z
908385,2025-07-23T13:05:56Z,3.12764478,3.12500000,0.00264478,518.32,1621.12,518.13,1620.53,0.0367,2025-07-23T13:05:00Z,56,2026-09-05T22:36:57Z
908222,2025-07-22T10:16:53Z,3.14416056,3.12500000,0.01916056,521.71,1640.34,521.41,1639.40,0.0575,2025-07-22T10:15:00Z,113,2026-09-05T22:36:57Z
907506,2025-07-17T13:57:40Z,3.12608344,3.12500000,0.00108344,495.29,1548.32,494.49,1545.82,0.1615,2025-07-17T13:57:00Z,40,2026-09-05T22:36:57Z
907353,2025-07-16T12:09:54Z,3.12655772,3.12500000,0.00155772,501.17,1566.94,500.85,1565.94,0.0639,2025-07-16T12:09:00Z,54,2026-09-05T22:36:58Z
907231,2025-07-15T16:42:49Z,3.13075067,3.12500000,0.00575067,489.23,1531.66,489.20,1531.56,0.0061,2025-07-15T16:42:00Z,49,2026-09-05T22:36:58Z
